{"cameraMode":{"drawMode":0,"name":"Shaded","section":"Shading Mode"},"sceneLighting":true,"audioPlay":false,"sceneViewState":{"showFog":true,"showMaterialUpdate":true,"showSkybox":true,"showFlares":true,"showImageEffects":true,"showParticleSystems":true},"in2DMode":false,"pivot":{"x":0.10195396840572357,"y":1.4227880239486695,"z":-0.7904461622238159},"rotation":{"x":-0.12443246692419052,"y":-0.02916945144534111,"z":0.0036598641891032459,"w":-0.991794228553772},"size":3.86602520942688,"orthographic":false}